<profile version="1.0">
  <option name="myName" value="Default" />
  <inspection_tool class="DuplicatedCode" enabled="true" level="WEAK WARNING" enabled_by_default="true">
    <Languages>
      <language minSize="122" name="Python" />
    </Languages>
  </inspection_tool>
  <inspection_tool class="PyPep8Inspection" enabled="true" level="WEAK WARNING" enabled_by_default="true">
    <option name="ignoredErrors">
      <list>
        <option value="E303" />
        <option value="W391" />
        <option value="W292" />
        <option value="E305" />
        <option value="E122" />
        <option value="E302" />
        <option value="E271" />
        <option value="E301" />
      </list>
    </option>
  </inspection_tool>
  <inspection_tool class="PyPep8NamingInspection" enabled="true" level="WEAK WARNING" enabled_by_default="true">
    <option name="ignoredErrors">
      <list>
        <option value="N802" />
        <option value="N803" />
      </list>
    </option>
  </inspection_tool>
</profile>