<application>
  <component name="AtomFileIconsConfig">
    <option name="accentColorEnabled" value="true" />
    <option name="themedColorEnabled" value="true" />
    <option name="useHollowFolders" value="false" />
    <option name="monochromeColor" value="546e7a" />
    <option name="isUseHollowFolders" value="false" />
    <option name="isAccentColorEnabled" value="true" />
    <option name="accentColor" value="ffd866" />
    <option name="isThemedColorEnabled" value="true" />
    <option name="themedColor" value="f8d775" />
  </component>
</application>